category,city,country,customer_id,customer_name,discount,market,column,order_date,order_id,order_priority,product_id,product_name,profit,quantity,region,sales,segment,ship_date,ship_mode,shipping_cost,state,sub_category,order_year,order_month,order_quarter,order_day_of_week,is_weekend,order_week,discount_bin,profit_margin,sales_per_unit
Office Supplies,Los Angeles,United States,LS-172304,Lycoris Saunders,0.0,Us,1,2011-01-07,CA-2011-130813,High,OFF-PA-10002005,Xerox 225,9.3312,3,West,19,Consumer,2011-01-09,Second Class,4.37,California,Paper,2011,1,1,4,0,1,0-5%,49.11,6.33
Office Supplies,Los Angeles,United States,MV-174854,Mark Van Huff,0.0,Us,1,2011-01-21,CA-2011-148614,Medium,OFF-PA-10002893,"Wirebound Service Call Books, 5 1/2"" X 4""",9.2928,2,West,19,Consumer,2011-01-26,Standard Class,0.94,California,Paper,2011,1,1,4,0,3,0-5%,48.91,9.5
Office Supplies,Los Angeles,United States,CS-121304,Chad Sievert,0.0,Us,1,2011-08-05,CA-2011-118962,Medium,OFF-PA-10000659,"Adams Phone Message Book, Professional, 400 Message Capacity, 5 3/6Â X 11Â",9.8418,3,West,21,Consumer,2011-08-09,Standard Class,1.81,California,Paper,2011,8,3,4,0,31,0-5%,46.87,7.0
Office Supplies,Los Angeles,United States,CS-121304,Chad Sievert,0.0,Us,1,2011-08-05,CA-2011-118962,Medium,OFF-PA-10001144,Xerox 1913,53.2608,2,West,111,Consumer,2011-08-09,Standard Class,4.59,California,Paper,2011,8,3,4,0,31,0-5%,47.98,55.5
Office Supplies,Los Angeles,United States,AP-109154,Arthur Prichep,0.0,Us,1,2011-09-29,CA-2011-146969,High,OFF-PA-10002105,Xerox 223,3.1104,1,West,6,Consumer,2011-10-03,Standard Class,1.32,California,Paper,2011,9,3,3,0,39,0-5%,51.84,6.0
Office Supplies,Los Angeles,United States,JF-154904,Jeremy Farry,0.0,Us,1,2011-10-19,CA-2011-117317,Critical,OFF-PA-10004519,Spiral Phone Message Books With Labels By Adams,6.5856,3,West,13,Consumer,2011-10-19,Same Day,2.39,California,Paper,2011,10,4,2,0,42,0-5%,50.66,4.33
Office Supplies,Los Angeles,United States,WB-218504,William Brown,0.0,Us,1,2011-11-04,CA-2011-125829,Medium,OFF-PA-10000223,Xerox 2000,9.3312,3,West,19,Consumer,2011-11-11,Standard Class,1.15,California,Paper,2011,11,4,4,0,44,0-5%,49.11,6.33
Office Supplies,Los Angeles,United States,JA-159704,Joseph Airdo,0.0,Us,1,2011-11-12,CA-2011-151295,High,OFF-PA-10001947,Xerox 1974,5.8604,2,West,12,Consumer,2011-11-16,Standard Class,0.92,California,Paper,2011,11,4,5,1,45,0-5%,48.84,6.0
Office Supplies,Los Angeles,United States,SP-209204,Susan Pistek,0.0,Us,1,2011-11-22,CA-2011-135090,High,OFF-PA-10002245,Xerox 1895,24.219,9,West,54,Consumer,2011-11-26,Standard Class,6.98,California,Paper,2011,11,4,1,0,47,0-5%,44.85,6.0
Office Supplies,Los Angeles,United States,RL-196154,Rob Lucas,0.0,Us,1,2011-12-05,CA-2011-133830,Medium,OFF-PA-10001363,Xerox 1933,23.0864,4,West,49,Consumer,2011-12-10,Standard Class,1.99,California,Paper,2011,12,4,0,0,49,0-5%,47.12,12.25
Office Supplies,Los Angeles,United States,KD-163454,Katherine Ducich,0.0,Us,1,2011-12-13,CA-2011-113579,High,OFF-PA-10001457,White Gluetop Scratch Pads,41.5104,6,West,90,Consumer,2011-12-15,Second Class,8.53,California,Paper,2011,12,4,1,0,50,0-5%,46.12,15.0
Office Supplies,Los Angeles,United States,JM-161954,Justin Mackendrick,0.0,Us,1,2012-02-15,CA-2012-116092,Medium,OFF-PA-10004285,Xerox 1959,6.4128,2,West,13,Consumer,2012-02-18,Second Class,1.0,California,Paper,2012,2,1,2,0,7,0-5%,49.33,6.5
Office Supplies,Los Angeles,United States,JM-161954,Justin Mackendrick,0.0,Us,1,2012-02-15,CA-2012-116092,Medium,OFF-PA-10000477,Xerox 22,9.3312,3,West,19,Consumer,2012-02-18,Second Class,0.06,California,Paper,2012,2,1,2,0,7,0-5%,49.11,6.33
Office Supplies,Los Angeles,United States,RD-195854,Rob Dowd,0.0,Us,1,2012-02-16,CA-2012-121776,High,OFF-PA-10001970,Xerox 1881,17.3148,3,West,37,Consumer,2012-02-21,Standard Class,4.04,California,Paper,2012,2,1,3,0,7,0-5%,46.8,12.33
Office Supplies,Los Angeles,United States,AB-101654,Alan Barnes,0.0,Us,1,2012-03-28,CA-2012-131534,Medium,OFF-PA-10000743,Xerox 1977,16.032,5,West,33,Consumer,2012-04-02,Standard Class,2.25,California,Paper,2012,3,1,2,0,13,0-5%,48.58,6.6
Office Supplies,Los Angeles,United States,AR-105404,Andy Reiter,0.0,Us,1,2012-04-11,US-2012-136987,Medium,OFF-PA-10003127,Staples,24.2696,2,West,53,Consumer,2012-04-14,Second Class,1.59,California,Paper,2012,4,2,2,0,15,0-5%,45.79,26.5
Office Supplies,Los Angeles,United States,LH-171554,Logan Haushalter,0.0,Us,1,2012-06-19,CA-2012-121965,Medium,OFF-PA-10004355,Xerox 231,3.1104,1,West,6,Consumer,2012-06-23,Standard Class,0.52,California,Paper,2012,6,2,1,0,25,0-5%,51.84,6.0
Office Supplies,Los Angeles,United States,AR-105104,Andrew Roberts,0.0,Us,1,2012-08-31,CA-2012-112319,High,OFF-PA-10003441,Xerox 226,27.9936,9,West,58,Consumer,2012-09-05,Standard Class,7.98,California,Paper,2012,8,3,4,0,35,0-5%,48.26,6.44
Office Supplies,Los Angeles,United States,NG-184304,Nathan Gelder,0.0,Us,1,2012-11-22,CA-2012-137708,High,OFF-PA-10000176,Xerox 1887,18.2112,2,West,38,Consumer,2012-11-25,Second Class,3.9,California,Paper,2012,11,4,3,0,47,0-5%,47.92,19.0
Office Supplies,Los Angeles,United States,NG-184304,Nathan Gelder,0.0,Us,1,2012-11-22,CA-2012-137708,High,OFF-PA-10000327,Xerox 1971,19.26,10,West,43,Consumer,2012-11-25,Second Class,6.15,California,Paper,2012,11,4,3,0,47,0-5%,44.79,4.3
Office Supplies,Los Angeles,United States,DP-130004,Darren Powers,0.0,Us,1,2012-11-24,CA-2012-105347,Medium,OFF-PA-10000675,Xerox 1919,180.7659,9,West,369,Consumer,2012-11-28,Standard Class,6.98,California,Paper,2012,11,4,5,1,47,0-5%,48.99,41.0
Office Supplies,Los Angeles,United States,TS-213404,Toby Swindell,0.0,Us,1,2012-11-24,CA-2012-153416,Medium,OFF-PA-10002005,Xerox 225,9.3312,3,West,19,Consumer,2012-11-29,Standard Class,1.68,California,Paper,2012,11,4,5,1,47,0-5%,49.11,6.33
Office Supplies,Los Angeles,United States,KM-167204,Kunst Miller,0.0,Us,1,2012-11-24,CA-2012-135545,Medium,OFF-PA-10003892,Xerox 1943,68.9631,3,West,147,Consumer,2012-11-30,Standard Class,4.93,California,Paper,2012,11,4,5,1,47,0-5%,46.91,49.0
Office Supplies,Los Angeles,United States,AI-108554,Arianne Irving,0.0,Us,1,2012-12-20,CA-2012-158918,Medium,OFF-PA-10004947,Staples,7.704,4,West,17,Consumer,2012-12-25,Second Class,1.31,California,Paper,2012,12,4,3,0,51,0-5%,45.32,4.25
Office Supplies,Los Angeles,United States,CL-125654,Clay Ludtke,0.0,Us,1,2012-12-30,CA-2012-135580,Medium,OFF-PA-10000595,Xerox 1929,31.5192,3,West,69,Consumer,2013-01-03,Standard Class,6.36,California,Paper,2012,12,4,6,1,52,0-5%,45.68,23.0
Office Supplies,Los Angeles,United States,SW-202454,Scot Wooten,0.0,Us,1,2013-03-13,US-2013-119270,Medium,OFF-PA-10004022,Hammermill Color Copier Paper (28Lb. And 96 Bright),8.991,2,West,20,Consumer,2013-03-17,Standard Class,1.3,California,Paper,2013,3,1,2,0,11,0-5%,44.96,10.0
Office Supplies,Los Angeles,United States,CC-122204,Chris Cortes,0.0,Us,1,2013-03-29,CA-2013-131380,Critical,OFF-PA-10001243,Xerox 1983,2.9302,1,West,6,Consumer,2013-04-01,Second Class,1.82,California,Paper,2013,3,1,4,0,13,0-5%,48.84,6.0
Office Supplies,Los Angeles,United States,LC-171404,Logan Currie,0.0,Us,1,2013-04-09,CA-2013-130477,High,OFF-PA-10002947,Xerox 1923,9.6192,3,West,20,Consumer,2013-04-13,Standard Class,2.92,California,Paper,2013,4,2,1,0,15,0-5%,48.1,6.67
Office Supplies,Los Angeles,United States,LC-171404,Logan Currie,0.0,Us,1,2013-04-09,CA-2013-130477,High,OFF-PA-10000019,Xerox 1931,6.2208,2,West,13,Consumer,2013-04-13,Standard Class,2.28,California,Paper,2013,4,2,1,0,15,0-5%,47.85,6.5
Office Supplies,Los Angeles,United States,JF-152954,Jason Fortune-,0.0,Us,1,2013-04-13,CA-2013-163594,Medium,OFF-PA-10000809,Xerox 206,9.3312,3,West,19,Consumer,2013-04-15,First Class,1.77,California,Paper,2013,4,2,5,1,15,0-5%,49.11,6.33
Office Supplies,Los Angeles,United States,JO-152804,Jas O'Carroll,0.0,Us,1,2013-04-20,US-2013-115819,Medium,OFF-PA-10002377,"Adams Telephone Message Book W/Dividers/Space For Phone Numbers, 5 1/4""X8 1/2"", 200/Messages",10.224,4,West,23,Consumer,2013-04-25,Second Class,3.87,California,Paper,2013,4,2,5,1,16,0-5%,44.45,5.75
Office Supplies,Los Angeles,United States,TB-216254,Trudy Brown,0.0,Us,1,2013-05-09,CA-2013-111696,High,OFF-PA-10002751,Xerox 1920,8.073,3,West,18,Consumer,2013-05-11,First Class,3.42,California,Paper,2013,5,2,3,0,19,0-5%,44.85,6.0
Office Supplies,Los Angeles,United States,TT-210704,Ted Trevino,0.0,Us,1,2013-05-12,CA-2013-162733,Medium,OFF-PA-10002751,Xerox 1920,2.691,1,West,6,Consumer,2013-05-13,First Class,0.41,California,Paper,2013,5,2,6,1,19,0-5%,44.85,6.0
Office Supplies,Los Angeles,United States,DO-134354,Denny Ordway,0.0,Us,1,2013-05-17,CA-2013-133144,Medium,OFF-PA-10004971,Xerox 196,8.4966,3,West,17,Consumer,2013-05-22,Second Class,1.82,California,Paper,2013,5,2,4,0,20,0-5%,49.98,5.67
Office Supplies,Los Angeles,United States,LS-172454,Lynn Smith,0.0,Us,1,2013-05-28,CA-2013-136994,Medium,OFF-PA-10000575,"Wirebound Message Books, Four 2 3/4 X 5 White Forms Per Page",6.1548,2,West,13,Consumer,2013-06-03,Standard Class,0.88,California,Paper,2013,5,2,1,0,22,0-5%,47.34,6.5
Office Supplies,Los Angeles,United States,CL-125654,Clay Ludtke,0.0,Us,1,2013-05-29,CA-2013-134803,Low,OFF-PA-10003790,Xerox 1991,84.0512,8,West,183,Consumer,2013-06-04,Standard Class,17.93,California,Paper,2013,5,2,2,0,22,0-5%,45.93,22.88
Office Supplies,Los Angeles,United States,OT-187304,Olvera Toch,0.0,Us,1,2013-06-11,CA-2013-113243,Medium,OFF-PA-10003441,Xerox 226,15.552,5,West,32,Consumer,2013-06-16,Standard Class,1.91,California,Paper,2013,6,2,1,0,24,0-5%,48.6,6.4
Office Supplies,Los Angeles,United States,BD-113204,Bill Donatelli,0.0,Us,1,2013-06-17,CA-2013-148593,Medium,OFF-PA-10001776,"Wirebound Message Books, Four 2 3/4"" X 5"" Forms Per Page, 600 Sets Per Book",21.7845,5,West,46,Consumer,2013-06-19,Second Class,1.14,California,Paper,2013,6,2,0,0,25,0-5%,47.36,9.2
Office Supplies,Los Angeles,United States,MV-181904,Mike Vittorini,0.0,Us,1,2013-06-18,CA-2013-123512,Critical,OFF-PA-10001497,Xerox 1914,107.7216,4,West,220,Consumer,2013-06-20,First Class,74.66,California,Paper,2013,6,2,1,0,25,0-5%,48.96,55.0
Office Supplies,Los Angeles,United States,GT-147554,Guy Thornton,0.0,Us,1,2013-07-04,CA-2013-130029,High,OFF-PA-10000552,Xerox 200,6.2208,2,West,13,Consumer,2013-07-07,First Class,1.62,California,Paper,2013,7,3,3,0,27,0-5%,47.85,6.5
Office Supplies,Los Angeles,United States,CC-123704,Christopher Conant,0.0,Us,1,2013-07-08,CA-2013-135265,Critical,OFF-PA-10002923,Xerox 1942,24.47,1,West,49,Consumer,2013-07-10,Second Class,10.36,California,Paper,2013,7,3,0,0,28,0-5%,49.94,49.0
Office Supplies,Los Angeles,United States,JM-155804,Jill Matthias,0.0,Us,1,2013-08-15,CA-2013-136021,High,OFF-PA-10000551,Array Memo Cubes,7.6146,3,West,16,Consumer,2013-08-19,Standard Class,2.15,California,Paper,2013,8,3,3,0,33,0-5%,47.59,5.33
Office Supplies,Los Angeles,United States,BD-113204,Bill Donatelli,0.0,Us,1,2013-08-16,CA-2013-167241,Low,OFF-PA-10004911,"Rediform S.O.S. 1-Up Phone Message Bk, 4-1/4X3-1/16 Bk, 1 Form/Pg, 40 Messages/Bk, 3/Pk",18.0096,4,West,38,Consumer,2013-08-23,Standard Class,4.05,California,Paper,2013,8,3,4,0,33,0-5%,47.39,9.5
Office Supplies,Los Angeles,United States,PS-187604,Pamela Stobb,0.0,Us,1,2013-09-30,US-2013-101497,High,OFF-PA-10000176,Xerox 1887,9.1056,1,West,19,Consumer,2013-10-02,Second Class,1.89,California,Paper,2013,9,3,0,0,40,0-5%,47.92,19.0
Office Supplies,Los Angeles,United States,CC-124754,Cindy Chapman,0.0,Us,1,2013-10-08,CA-2013-155033,High,OFF-PA-10000143,Astroparche Fine Business Paper,5.0688,2,West,11,Consumer,2013-10-13,Standard Class,1.61,California,Paper,2013,10,4,1,0,41,0-5%,46.08,5.5
Office Supplies,Los Angeles,United States,JE-157454,Joel Eaton,0.0,Us,1,2013-10-09,US-2013-162026,Critical,OFF-PA-10000167,Xerox 1925,27.882,2,West,62,Consumer,2013-10-09,Same Day,3.0,California,Paper,2013,10,4,2,0,41,0-5%,44.97,31.0
Office Supplies,Los Angeles,United States,XP-218654,Xylona Preis,0.0,Us,1,2013-11-04,CA-2013-109365,Medium,OFF-PA-10004359,Multicolor Computer Printout Paper,150.984,3,West,315,Consumer,2013-11-09,Standard Class,22.15,California,Paper,2013,11,4,0,0,45,0-5%,47.93,105.0
Office Supplies,Los Angeles,United States,XP-218654,Xylona Preis,0.0,Us,1,2013-11-04,CA-2013-109365,Medium,OFF-PA-10001725,Xerox 1892,56.9772,3,West,116,Consumer,2013-11-09,Standard Class,5.57,California,Paper,2013,11,4,0,0,45,0-5%,49.12,38.67
Office Supplies,Los Angeles,United States,XP-218654,Xylona Preis,0.0,Us,1,2013-11-04,CA-2013-109365,Medium,OFF-PA-10000477,Xerox 22,9.3312,3,West,19,Consumer,2013-11-09,Standard Class,1.3,California,Paper,2013,11,4,0,0,45,0-5%,49.11,6.33
Office Supplies,Los Angeles,United States,AI-108554,Arianne Irving,0.0,Us,1,2013-11-11,CA-2013-158694,High,OFF-PA-10002421,Embossed Ink Jet Note Cards,32.5008,3,West,68,Consumer,2013-11-14,Second Class,10.83,California,Paper,2013,11,4,0,0,46,0-5%,47.8,22.67
Office Supplies,Los Angeles,United States,AI-108554,Arianne Irving,0.0,Us,1,2013-11-11,CA-2013-158694,High,OFF-PA-10001363,Xerox 1933,28.858,5,West,61,Consumer,2013-11-14,Second Class,8.68,California,Paper,2013,11,4,0,0,46,0-5%,47.31,12.2
Office Supplies,Los Angeles,United States,SO-203354,Sean O'Donnell,0.0,Us,1,2014-01-15,CA-2014-149076,Medium,OFF-PA-10000483,Xerox 19,69.705,5,West,155,Consumer,2014-01-20,Standard Class,9.12,California,Paper,2014,1,1,2,0,3,0-5%,44.97,31.0
Office Supplies,Los Angeles,United States,CK-125954,Clytie Kelty,0.0,Us,1,2014-02-24,CA-2014-104647,Medium,OFF-PA-10002870,"Ampad Phone Message Book, Recycled, 400 Message Capacity, 5 Â¾Â X 11Â",16.848,6,West,37,Consumer,2014-03-02,Standard Class,3.82,California,Paper,2014,2,1,0,0,9,0-5%,45.54,6.17
Office Supplies,Los Angeles,United States,PS-187604,Pamela Stobb,0.0,Us,1,2014-04-18,CA-2014-128965,Medium,OFF-PA-10004911,"Rediform S.O.S. 1-Up Phone Message Bk, 4-1/4X3-1/16 Bk, 1 Form/Pg, 40 Messages/Bk, 3/Pk",13.5072,3,West,28,Consumer,2014-04-23,Standard Class,2.84,California,Paper,2014,4,2,4,0,16,0-5%,48.24,9.33
Office Supplies,Los Angeles,United States,LL-168404,Lauren Leatherbury,0.0,Us,1,2014-04-26,CA-2014-120222,Medium,OFF-PA-10004675,"Telephone Message Books With Fax/Mobile Section, 5 1/2"" X 3 3/16""",8.763,3,West,19,Consumer,2014-05-03,Standard Class,1.52,California,Paper,2014,4,2,5,1,17,0-5%,46.12,6.33
Office Supplies,Los Angeles,United States,DD-135704,Dorothy Dickinson,0.0,Us,1,2014-05-03,CA-2014-147844,Medium,OFF-PA-10003016,"Adams ""While You Were Out"" Message Pads",7.065,5,West,16,Consumer,2014-05-07,Standard Class,0.93,California,Paper,2014,5,2,5,1,18,0-5%,44.16,3.2
Office Supplies,Los Angeles,United States,DD-135704,Dorothy Dickinson,0.0,Us,1,2014-05-03,CA-2014-147844,Medium,OFF-PA-10002713,"Adams Phone Message Book, 200 Message Capacity, 8 1/16Â X 11Â",15.824,5,West,34,Consumer,2014-05-07,Standard Class,2.54,California,Paper,2014,5,2,5,1,18,0-5%,46.54,6.8
Office Supplies,Los Angeles,United States,DV-134654,Dianna Vittorini,0.0,Us,1,2014-06-12,US-2014-152002,Medium,OFF-PA-10000357,"White Dual Perf Computer Printout Paper, 2700 Sheets, 1 Part, Heavyweight, 20 Lbs., 14 7/8 X 11",60.2553,3,West,123,Consumer,2014-06-12,Same Day,23.65,California,Paper,2014,6,2,3,0,24,0-5%,48.99,41.0
Office Supplies,Los Angeles,United States,CC-126704,Craig Carreira,0.0,Us,1,2014-06-19,CA-2014-112753,High,OFF-PA-10002036,Xerox 1930,19.0512,6,West,39,Consumer,2014-06-24,Standard Class,4.89,California,Paper,2014,6,2,3,0,25,0-5%,48.85,6.5
Office Supplies,Los Angeles,United States,TT-212204,Thomas Thornton,0.0,Us,1,2014-07-01,US-2014-113201,Medium,OFF-PA-10000675,Xerox 1919,100.4255,5,West,205,Consumer,2014-07-06,Standard Class,14.98,California,Paper,2014,7,3,1,0,27,0-5%,48.99,41.0
Office Supplies,Los Angeles,United States,TB-215204,Tracy Blumstein,0.0,Us,1,2014-07-24,CA-2014-133718,Critical,OFF-PA-10002689,Weyerhaeuser First Choice Laser/Copy Paper (20Lb. And 88 Bright),27.9936,9,West,58,Consumer,2014-07-27,First Class,7.82,California,Paper,2014,7,3,3,0,30,0-5%,48.26,6.44
Office Supplies,Los Angeles,United States,KT-164804,Kean Thornton,0.0,Us,1,2014-08-21,CA-2014-105326,Medium,OFF-PA-10001639,Xerox 203,12.4416,4,West,26,Consumer,2014-08-28,Standard Class,1.27,California,Paper,2014,8,3,3,0,34,0-5%,47.85,6.5
Office Supplies,Los Angeles,United States,LC-170504,Liz Carlisle,0.0,Us,1,2014-09-10,CA-2014-137498,Medium,OFF-PA-10000143,Astroparche Fine Business Paper,22.8096,9,West,48,Consumer,2014-09-15,Second Class,5.29,California,Paper,2014,9,3,2,0,37,0-5%,47.52,5.33
Office Supplies,Los Angeles,United States,JM-158654,John Murray,0.0,Us,1,2014-09-13,US-2014-109582,Medium,OFF-PA-10004071,"Eaton Premium Continuous-Feed Paper, 25% Cotton, Letter Size, White, 1000 Shts/Box",79.8912,3,West,166,Consumer,2014-09-18,Second Class,11.1,California,Paper,2014,9,3,5,1,37,0-5%,48.13,55.33
Office Supplies,Los Angeles,United States,DB-136604,Duane Benoit,0.0,Us,1,2014-09-24,CA-2014-121853,Medium,OFF-PA-10003641,Xerox 1909,97.0784,8,West,211,Consumer,2014-09-30,Standard Class,15.64,California,Paper,2014,9,3,2,0,39,0-5%,46.01,26.38
Office Supplies,Los Angeles,United States,XP-218654,Xylona Preis,0.0,Us,1,2014-10-10,US-2014-115595,Medium,OFF-PA-10001745,"Wirebound Message Books, 2 7/8"" X 5"", 3 Forms Per Page",16.544,5,West,35,Consumer,2014-10-12,First Class,7.79,California,Paper,2014,10,4,4,0,41,0-5%,47.27,7.0
Office Supplies,Los Angeles,United States,GA-147254,Guy Armstrong,0.0,Us,1,2014-11-12,CA-2014-110842,Medium,OFF-PA-10000520,Xerox 201,9.3312,3,West,19,Consumer,2014-11-17,Standard Class,1.43,California,Paper,2014,11,4,2,0,46,0-5%,49.11,6.33
Office Supplies,Los Angeles,United States,EP-139154,Emily Phan,0.0,Us,1,2014-11-13,US-2014-125808,High,OFF-PA-10001846,Xerox 1899,5.6644,2,West,12,Consumer,2014-11-16,Second Class,1.71,California,Paper,2014,11,4,3,0,46,0-5%,47.2,6.0
Office Supplies,Los Angeles,United States,CC-125504,Clay Cheatham,0.0,Us,1,2014-12-02,CA-2014-118542,Medium,OFF-PA-10004735,Xerox 1905,21.7728,7,West,45,Consumer,2014-12-06,Standard Class,3.56,California,Paper,2014,12,4,1,0,49,0-5%,48.38,6.43
Office Supplies,Los Angeles,United States,EP-139154,Emily Phan,0.0,Us,1,2014-12-19,CA-2014-102099,Medium,OFF-PA-10003172,Xerox 1996,6.2208,2,West,13,Consumer,2014-12-20,First Class,0.94,California,Paper,2014,12,4,4,0,51,0-5%,47.85,6.5
Office Supplies,Los Angeles,United States,EP-139154,Emily Phan,0.0,Us,1,2014-12-19,CA-2014-102099,Medium,OFF-PA-10000289,Xerox 213,15.552,5,West,32,Consumer,2014-12-20,First Class,1.09,California,Paper,2014,12,4,4,0,51,0-5%,48.6,6.4
Office Supplies,Los Angeles,United States,SR-207404,Steven Roelle,0.0,Us,1,2011-02-21,CA-2011-164903,High,OFF-PA-10003363,Xerox 204,6.2208,2,West,13,Home Office,2011-02-25,Standard Class,1.14,California,Paper,2011,2,1,0,0,8,0-5%,47.85,6.5
Office Supplies,Los Angeles,United States,AY-105554,Andy Yotov,0.0,Us,1,2011-04-06,CA-2011-102652,Medium,OFF-PA-10001977,Xerox 194,26.6304,1,West,55,Corporate,2011-04-12,Standard Class,2.28,California,Paper,2011,4,2,2,0,14,0-5%,48.42,55.0
Office Supplies,Los Angeles,United States,AY-105554,Andy Yotov,0.0,Us,1,2011-04-06,CA-2011-102652,Medium,OFF-PA-10003309,Xerox 211,9.3312,3,West,19,Corporate,2011-04-12,Standard Class,2.11,California,Paper,2011,4,2,2,0,14,0-5%,49.11,6.33
Office Supplies,Los Angeles,United States,AH-100304,Aaron Hawkins,0.0,Us,1,2011-05-13,CA-2011-113768,Medium,OFF-PA-10003063,Ecotones Memo Sheets,3.84,2,West,8,Corporate,2011-05-19,Standard Class,0.15,California,Paper,2011,5,2,4,0,19,0-5%,48.0,4.0
Office Supplies,Los Angeles,United States,VF-217154,Vicky Freymann,0.0,Us,1,2011-07-25,CA-2011-146528,High,OFF-PA-10002195,Xerox 1966,3.1752,1,West,6,Home Office,2011-07-27,Second Class,0.79,California,Paper,2011,7,3,0,0,30,0-5%,52.92,6.0
Office Supplies,Los Angeles,United States,JM-152654,Janet Molinari,0.0,Us,1,2011-08-25,CA-2011-104178,High,OFF-PA-10004983,Xerox 23,12.4416,4,West,26,Corporate,2011-08-29,Standard Class,3.11,California,Paper,2011,8,3,3,0,34,0-5%,47.85,6.5
Office Supplies,Los Angeles,United States,GG-146504,Greg Guthrie,0.0,Us,1,2011-10-31,CA-2011-106439,High,OFF-PA-10000477,Xerox 1952,30.4278,13,West,65,Corporate,2011-11-04,Standard Class,6.72,California,Paper,2011,10,4,0,0,44,0-5%,46.81,5.0
Office Supplies,Los Angeles,United States,PL-189254,Paul Lucas,0.0,Us,1,2011-11-01,CA-2011-168305,Medium,OFF-PA-10004947,Staples,9.63,5,West,21,Home Office,2011-11-08,Standard Class,0.92,California,Paper,2011,11,4,1,0,44,0-5%,45.86,4.2
Office Supplies,Los Angeles,United States,MA-175604,Matt Abelman,0.0,Us,1,2011-11-11,CA-2011-140732,High,OFF-PA-10003625,Xerox 1979,55.764,4,West,124,Home Office,2011-11-13,Second Class,27.69,California,Paper,2011,11,4,4,0,45,0-5%,44.97,31.0
Office Supplies,Los Angeles,United States,MC-181304,Mike Caudle,0.0,Us,1,2012-03-19,CA-2012-163104,Medium,OFF-PA-10001947,Xerox 1974,5.8604,2,West,12,Corporate,2012-03-26,Standard Class,1.2,California,Paper,2012,3,1,0,0,12,0-5%,48.84,6.0
Office Supplies,Los Angeles,United States,AM-103604,Alice Mccarthy,0.0,Us,1,2012-03-23,US-2012-107944,High,OFF-PA-10000659,"Tops Carbonless Receipt Book, Four 2-3/4 X 7-1/4 Money Receipts Per Page",92.5056,11,West,193,Corporate,2012-03-25,First Class,27.31,California,Paper,2012,3,1,4,0,12,0-5%,47.93,17.55
Office Supplies,Los Angeles,United States,BP-110954,Bart Pistole,0.0,Us,1,2012-03-23,CA-2012-138219,Medium,OFF-PA-10000380,"Rediform Incoming/Outgoing Call Register, 11"" X 8 1/2"", 100 Messages",16.68,4,West,33,Corporate,2012-03-30,Standard Class,2.16,California,Paper,2012,3,1,4,0,12,0-5%,50.55,8.25
Office Supplies,Los Angeles,United States,DE-132554,Deanra Eno,0.0,Us,1,2012-04-18,CA-2012-142601,Medium,OFF-PA-10000483,Xerox 19,27.882,2,West,62,Home Office,2012-04-20,Second Class,8.38,California,Paper,2012,4,2,2,0,16,0-5%,44.97,31.0
Office Supplies,Los Angeles,United States,AJ-107804,Anthony Jacobs,0.0,Us,1,2012-05-18,CA-2012-165554,Medium,OFF-PA-10003724,"Wirebound Message Book, 4 Per Page",5.3214,2,West,11,Corporate,2012-05-22,Standard Class,1.0,California,Paper,2012,5,2,4,0,20,0-5%,48.38,5.5
Office Supplies,Los Angeles,United States,CG-120404,Catherine Glotzbach,0.0,Us,1,2012-06-01,CA-2012-161242,Medium,OFF-PA-10001838,"Adams Telephone Message Book W/Dividers/Space For Phone Numbers, 5 1/4""X8 1/2"", 300/Messages",5.7624,2,West,12,Home Office,2012-06-08,Standard Class,0.82,California,Paper,2012,6,2,4,0,22,0-5%,48.02,6.0
Office Supplies,Los Angeles,United States,MO-178004,Meg O'Connel,0.0,Us,1,2012-09-17,CA-2012-133025,Critical,OFF-PA-10004100,Xerox 216,15.552,5,West,32,Home Office,2012-09-19,Second Class,7.02,California,Paper,2012,9,3,0,0,38,0-5%,48.6,6.4
Office Supplies,Los Angeles,United States,RW-195404,Rick Wilson,0.0,Us,1,2012-09-19,CA-2012-132815,High,OFF-PA-10004530,Personal Creations Ink Jet Cards And Labels,11.2504,2,West,23,Corporate,2012-09-22,Second Class,3.62,California,Paper,2012,9,3,2,0,38,0-5%,48.91,11.5
Office Supplies,Los Angeles,United States,YC-218954,Yoseph Carroll,0.0,Us,1,2012-11-12,CA-2012-153220,High,OFF-PA-10003016,"Adams ""While You Were Out"" Message Pads",7.065,5,West,16,Corporate,2012-11-14,First Class,3.41,California,Paper,2012,11,4,0,0,46,0-5%,44.16,3.2
Office Supplies,Los Angeles,United States,SN-207104,Steve Nguyen,0.0,Us,1,2012-11-27,CA-2012-125234,Medium,OFF-PA-10000482,"Snap-A-Way Black Print Carbonless Ruled Speed Letter, Triplicate",53.4954,3,West,114,Home Office,2012-12-01,Standard Class,9.19,California,Paper,2012,11,4,1,0,48,0-5%,46.93,38.0
Office Supplies,Los Angeles,United States,DB-129703,Darren Budd,0.0,Us,1,2012-12-14,CA-2012-141593,High,OFF-PA-10004983,Xerox 23,3.1104,1,West,6,Corporate,2012-12-16,Second Class,1.31,California,Paper,2012,12,4,4,0,50,0-5%,51.84,6.0
Office Supplies,Los Angeles,United States,SM-203204,Sean Miller,0.0,Us,1,2012-12-25,CA-2012-144890,Medium,OFF-PA-10001526,Xerox 1949,4.8804,2,West,10,Home Office,2012-12-29,Standard Class,0.22,California,Paper,2012,12,4,1,0,52,0-5%,48.8,5.0
Office Supplies,Los Angeles,United States,SC-200504,Sample Company A,0.0,Us,1,2013-01-31,CA-2013-129238,Medium,OFF-PA-10002764,Staples,27.783,5,West,57,Home Office,2013-02-04,Standard Class,4.73,California,Paper,2013,1,1,3,0,5,0-5%,48.74,11.4
Office Supplies,Los Angeles,United States,SM-209504,Suzanne Mcnair,0.0,Us,1,2013-02-01,CA-2013-154067,Medium,OFF-PA-10002254,Xerox 1883,48.5392,4,West,106,Corporate,2013-02-07,Standard Class,8.11,California,Paper,2013,2,1,4,0,5,0-5%,45.79,26.5
Office Supplies,Los Angeles,United States,RD-198104,Ross Devincentis,0.0,Us,1,2013-02-13,CA-2013-112942,Medium,OFF-PA-10004092,Tops Green Bar Computer Printout Paper,73.41,3,West,147,Home Office,2013-02-18,Standard Class,8.08,California,Paper,2013,2,1,2,0,7,0-5%,49.94,49.0
Office Supplies,Los Angeles,United States,KF-162854,Karen Ferguson,0.0,Us,1,2013-03-11,CA-2013-159016,High,OFF-PA-10004405,Rediform Voice Mail Log Books,7.152,5,West,15,Home Office,2013-03-12,First Class,2.67,California,Paper,2013,3,1,0,0,11,0-5%,47.68,3.0
Office Supplies,Los Angeles,United States,RS-194204,Ricardo Sperren,0.0,Us,1,2013-05-10,US-2013-159093,Medium,OFF-PA-10001260,"Tops Money Receipt Book, Consecutively Numbered In Red,",14.418,4,West,32,Corporate,2013-05-15,Standard Class,1.48,California,Paper,2013,5,2,4,0,19,0-5%,45.06,8.0
Office Supplies,Los Angeles,United States,NL-183104,Nancy Lomonaco,0.0,Us,1,2013-05-31,CA-2013-147473,Medium,OFF-PA-10004782,Xerox 228,18.6624,6,West,39,Home Office,2013-06-04,Standard Class,2.81,California,Paper,2013,5,2,4,0,22,0-5%,47.85,6.5
Office Supplies,Los Angeles,United States,RB-197954,Ross Baird,0.0,Us,1,2013-06-07,US-2013-155971,Medium,OFF-PA-10000210,Xerox Blank Computer Paper,46.953,5,West,100,Home Office,2013-06-13,Standard Class,4.9,California,Paper,2013,6,2,4,0,23,0-5%,46.95,20.0
Office Supplies,Los Angeles,United States,AH-100754,Adam Hart,0.0,Us,1,2013-06-27,CA-2013-144015,Critical,OFF-PA-10002870,"Ampad Phone Message Book, Recycled, 400 Message Capacity, 5 Â¾Â X 11Â",5.616,2,West,12,Corporate,2013-06-27,Same Day,2.73,California,Paper,2013,6,2,3,0,26,0-5%,46.8,6.0
